{
  "rollout_episodes": 1000,
  "seed": 1,
  "base_algo": "cql",
  "gamma": 0.99,
  "rollout_len": 1024,
  "n_episodes": 250,
  "n_transitions": 35074,
  "mc_anchor": 23.201655770595778,
  "mc_anchor_full": 23.052393908583714
}
