{
  "rollout_episodes": 3000,
  "seed": 1,
  "base_algo": "cql",
  "gamma": 0.99,
  "rollout_len": 1024,
  "n_episodes": 250,
  "n_transitions": 106273,
  "mc_anchor": 22.89074724626499,
  "mc_anchor_full": 23.110040476773367
}
