{
  "rollout_episodes": 3000,
  "seed": 0,
  "base_algo": "cql",
  "gamma": 0.99,
  "rollout_len": 1024,
  "n_episodes": 250,
  "n_transitions": 41458,
  "mc_anchor": 8.73731836897504,
  "mc_anchor_full": 8.745703901798175
}
